id,name,email,phone
1,Bui Van G,buivang@gmail.com,0909318209
2,Pham Thi D,phamthid@gmail.com,0965390358
3,Pham Thi D,phamthid@gmail.com,0968222487
4,Phan Thi J,phanthij@gmail.com,0920570532
5,Hoang Van E,hoangvane@gmail.com,0994951541
6,Le Van C,levanc@gmail.com,0944063031
7,Le Van C,levanc@gmail.com,0991929253
8,Nguyen Van A,nguyenvana@gmail.com,0927442373
9,Vo Van I,vovani@gmail.com,0902103900
10,Nguyen Van A,nguyenvana@gmail.com,0991421269
11,Pham Thi D,phamthid@gmail.com,0949711727
12,Nguyen Van A,nguyenvana@gmail.com,0957549896
13,Dang Thi F,dangthif@gmail.com,0946163531
14,Bui Van G,buivang@gmail.com,0958419897
15,Do Thi H,dothih@gmail.com,0980284368
16,Do Thi H,dothih@gmail.com,0913107501
17,Tran Thi B,tranthib@gmail.com,0986113944
18,Dang Thi F,dangthif@gmail.com,0912285319
19,Bui Van G,buivang@gmail.com,0992736353
20,Do Thi H,dothih@gmail.com,0912073126
21,Pham Thi D,phamthid@gmail.com,0912221012
22,Vo Van I,vovani@gmail.com,0922766217
23,Pham Thi D,phamthid@gmail.com,0943503096
24,Tran Thi B,tranthib@gmail.com,0986451640
